"","sex","month","cause","deaths","deaths.added.median","deaths.added.mean","deaths.added.ll","deaths.added.ul","deaths.added.two.deg.median","deaths.added.two.deg.mean","deaths.added.two.deg.ll","deaths.added.two.deg.ul","month.short","sex.long","intent","cause.legend","cause.legend.2","perc.mean","perc.ul","perc.ll"
"1",1,1,"Cerebrovascular
disease",5364,-44.141558120292,-44.0300944023601,-54.8967152550863,-33.3650381358985,-87.8762259160969,-87.6381306489726,-109.184562316517,-66.4330562389589,"Jan","Male","Cardiovascular","Cerebrovascular
disease","Cerebrovascular",-0.00820844414659958,-0.00622017862339643,-0.0102342869603069
"2",1,1,"COPD",6639,-20.359247008306,-20.4021686789627,-35.4604125375968,-5.85081967987344,-40.6321165968938,-40.6953638609887,-70.6975596840409,-11.6558693687318,"Jan","Male","Respiratory","COPD","COPD",-0.00307307857794286,-0.000881280265081103,-0.005341227976743
"3",1,1,"Ischaemic
heart disease",19298,-185.798832060256,-185.756669781936,-209.571205504415,-160.933876749203,-369.730737325492,-369.616645634034,-416.789618463263,-320.400564693037,"Jan","Male","Cardiovascular","Ischaemic
heart disease","Ischaemic",-0.00962569539755085,-0.00833940702400265,-0.0108597370455184
"4",1,1,"Other
cardiovascular
diseases",14434,-107.592406524035,-107.597394505869,-131.798559724601,-83.5609296016405,-214.317962542711,-214.310616772105,-262.307176654376,-166.584894462308,"Jan","Male","Cardiovascular","Other cardiovascular
diseases","Other cardiovascular diseases",-0.00745444052278431,-0.00578917345168633,-0.00913111817407519
"5",1,1,"Other
respiratory
diseases",3127,-12.9991324099855,-13.0129229792792,-22.2596370172257,-3.83853793461804,-25.8692694460024,-25.9073478702669,-44.3141159466632,-7.62766330799244,"Jan","Male","Respiratory","Other respiratory
diseases","Asthma",-0.00416147201128213,-0.00122754650931181,-0.00711852798760017
"6",1,1,"Respiratory
infections",2533,-24.7594412532918,-24.8544283694499,-32.7635876580288,-17.4208662736693,-49.2060695925215,-49.3933329956591,-65.0616198839133,-34.6657004005798,"Jan","Male","Respiratory","Respiratory
infections","Respiratory
infections",-0.00981224965236868,-0.00687756268206447,-0.0129346970619932
"7",1,10,"Cerebrovascular
disease",4919,-31.8829238636937,-31.9269167182982,-47.1391703152434,-17.0520245709366,-63.4680542701048,-63.5333233828973,-93.6167514673735,-33.9215823577272,"Oct","Male","Cardiovascular","Cerebrovascular
disease","Cerebrovascular",-0.00649052992850137,-0.0034665632386535,-0.00958307995837435
"8",1,10,"COPD",5551,-8.43490600508037,-8.37728837466148,-26.4254977625141,9.85046978871421,-16.7927555703226,-16.6552737743175,-52.6858032806546,19.8538723813023,"Oct","Male","Respiratory","COPD","COPD",-0.00150914940995523,0.00177453968450986,-0.00476049320167791
"9",1,10,"Ischaemic
heart disease",17337,-163.494966686201,-163.387181964491,-199.278392933149,-127.541602338839,-325.300965285354,-325.067941205068,-396.18230173338,-254.074143096972,"Oct","Male","Cardiovascular","Ischaemic
heart disease","Ischaemic",-0.00942418999622142,-0.00735661315907243,-0.0114943988540779
"10",1,10,"Other
cardiovascular
diseases",13208,-54.2415465074246,-54.2505688108907,-86.7488106945354,-20.785478465834,-108.174126085577,-108.134609126429,-172.843333627073,-41.471305745971,"Oct","Male","Cardiovascular","Other cardiovascular
diseases","Other cardiovascular diseases",-0.00410740224189058,-0.00157370369971487,-0.00656789905319014
"11",1,10,"Other
respiratory
diseases",2805,-14.0675286627053,-14.0280648073081,-25.9320471851143,-2.10031085814214,-27.9312857319643,-27.8499409111392,-51.4649479437423,-4.05896089849197,"Oct","Male","Respiratory","Other respiratory
diseases","Asthma",-0.00500109262292623,-0.000748773924471353,-0.00924493660788387
"12",1,10,"Respiratory
infections",1816,-16.7117935701602,-16.7377849235349,-25.3814528185183,-8.61493205016473,-33.1812231440911,-33.2274109673069,-50.3049664535401,-17.161117764669,"Oct","Male","Respiratory","Respiratory
infections","Respiratory
infections",-0.00921684191824608,-0.00474390531396736,-0.0139765709353075
"13",1,11,"Cerebrovascular
disease",5249.33333333333,-39.4181096728475,-39.4187452573982,-52.3179295004969,-26.4491881852717,-78.46950120918,-78.4672031172948,-103.935897397616,-52.7196799724274,"Nov","Male","Cardiovascular","Cerebrovascular
disease","Cerebrovascular",-0.00750928599010633,-0.00503858042645512,-0.00996658550301567
"14",1,11,"COPD",5887.93333333333,-5.88336308986268,-5.69793780275188,-21.8128667254706,10.9416153235895,-11.702796610407,-11.3297158263465,-43.4581247006344,21.9235601121028,"Nov","Male","Respiratory","COPD","COPD",-0.000967731371972941,0.00185831168665681,-0.00370467284369229
"15",1,11,"Ischaemic
heart disease",17761.9666666667,-180.823527494092,-180.78593873205,-210.303913416651,-152.407250300146,-359.710697182654,-359.583757996565,-418.011951705499,-303.323418905398,"Nov","Male","Cardiovascular","Ischaemic
heart disease","Ischaemic",-0.0101782613448614,-0.00858053914638654,-0.011840125441251
"16",1,11,"Other
cardiovascular
diseases",13705.1,-76.7001237924927,-76.6382855023041,-103.238672394121,-48.6967490511982,-152.882385466606,-152.729731700774,-205.555920115717,-97.0839861837446,"Nov","Male","Cardiovascular","Other cardiovascular
diseases","Other cardiovascular diseases",-0.00559195376190645,-0.00355318451169259,-0.00753286531248373
"17",1,11,"Other
respiratory
diseases",2800.33333333333,-13.5875692153474,-13.5807862688172,-23.5459900843265,-3.4925201016458,-26.9914083849688,-26.9840350695146,-46.7306292352506,-6.90916447486161,"Nov","Male","Respiratory","Other respiratory
diseases","Asthma",-0.0048497034646413,-0.00124718013390518,-0.00840828118711816
"18",1,11,"Respiratory
infections",1902.36666666667,-10.957280860674,-10.9429927996644,-18.0648889821015,-3.69438504482107,-21.789944472548,-21.7557852100996,-35.8356609180204,-7.36169488027928,"Nov","Male","Respiratory","Respiratory
infections","Respiratory
infections",-0.0057523047430382,-0.00194199420624541,-0.00949600794559487
"19",1,12,"Cerebrovascular
disease",5556,-39.9728097541334,-40.0104088178165,-50.8656363278477,-28.9464799551478,-79.6058752252954,-79.6783126068536,-101.218110523721,-57.7074456608582,"Dec","Male","Cardiovascular","Cerebrovascular
disease","Cerebrovascular",-0.0072012974834083,-0.00520994959595893,-0.009155082132442
"20",1,12,"COPD",6574,-16.7416580058572,-16.6932109528289,-31.4855167709362,-1.77130869921587,-33.3844761876877,-33.2751109555121,-62.7608707036945,-3.45864862160731,"Dec","Male","Respiratory","COPD","COPD",-0.00253927760158638,-0.000269441542320638,-0.00478940017811625
"21",1,12,"Ischaemic
heart disease",19272,-205.912950634851,-205.58141001024,-229.026636818649,-181.453729891394,-409.578047810383,-408.912557663432,-455.270471636628,-361.172758880133,"Dec","Male","Cardiovascular","Ischaemic
heart disease","Ischaemic",-0.0106673624953425,-0.00941540732105617,-0.0118839060200628
"22",1,12,"Other
cardiovascular
diseases",14852,-109.390638502973,-109.417836165383,-133.36107135712,-85.8371585508783,-217.86182825808,-217.923499142279,-265.434964332404,-171.060325929681,"Dec","Male","Cardiovascular","Other cardiovascular
diseases","Other cardiovascular diseases",-0.00736721223844488,-0.00577950165303516,-0.00897933418779421
"23",1,12,"Other
respiratory
diseases",3133,-16.6731032654594,-16.6660286980683,-26.3063078244145,-7.253626878621,-33.1882054730737,-33.1553584361918,-52.2408444295195,-14.4269894221032,"Dec","Male","Respiratory","Other respiratory
diseases","Asthma",-0.00531951123462123,-0.0023152336031347,-0.00839652340389866
"24",1,12,"Respiratory
infections",2393,-14.1668476834041,-14.2018986019848,-21.2887720658378,-6.75760037458586,-28.1914533355127,-28.2559910886605,-42.3531896317688,-13.4592389624294,"Dec","Male","Respiratory","Respiratory
infections","Respiratory
infections",-0.00593476748933756,-0.00282390320709814,-0.00889626914577426
"25",1,2,"Cerebrovascular
disease",5250.75862068965,-42.5158002073706,-42.4835376603704,-53.5422235204961,-31.5615175533738,-84.632842259372,-84.565968278045,-106.496093463187,-62.8993379256691,"Feb","Male","Cardiovascular","Cerebrovascular
disease","Cerebrovascular",-0.00809093327828322,-0.00601084906645898,-0.0101970453011347
"26",1,2,"COPD",6939.72413793103,-14.8624778311913,-14.8069471789882,-30.2597204306737,0.458753368445666,-29.663737366625,-29.5373511105305,-60.3552204101591,0.984984153788135,"Feb","Male","Respiratory","COPD","COPD",-0.00213365068764861,6.61054185047816e-05,-0.00436036358639684
"27",1,2,"Ischaemic
heart disease",19331.1724137931,-171.15895505609,-171.268153668807,-196.442247121168,-146.380214466879,-340.703716432983,-340.927709817076,-390.76357784212,-291.498252284349,"Feb","Male","Cardiovascular","Ischaemic
heart disease","Ischaemic",-0.00885968786593641,-0.00757223676523804,-0.0101619417030808
"28",1,2,"Other
cardiovascular
diseases",14550.7586206897,-78.0158859842892,-77.787349149649,-101.454096330876,-53.333294390923,-155.545358628558,-155.078797691149,-202.045681705181,-106.385151727506,"Feb","Male","Cardiovascular","Other cardiovascular
diseases","Other cardiovascular diseases",-0.00534593083270885,-0.00366532740877776,-0.00697242659132691
"29",1,2,"Other
respiratory
diseases",2981.34482758621,0.0289071989181395,0.0855893352116862,-8.95032513518646,9.42632515814378,0.099358673889215,0.241070160268605,-17.8133662666941,18.9583979279598,"Feb","Male","Respiratory","Other respiratory
diseases","Asthma",2.87082978190692e-05,0.00316176950446072,-0.00300211000497817
"30",1,2,"Respiratory
infections",2761.13793103448,-20.4511371963074,-20.4076479067625,-28.4168141742739,-11.9299133477423,-40.6812179265153,-40.6002684968866,-56.4523666928376,-23.7432461834849,"Feb","Male","Respiratory","Respiratory
infections","Respiratory
infections",-0.00739102805310295,-0.00432065099452407,-0.0102917039583123
"31",1,3,"Cerebrovascular
disease",5141,-40.5810258878669,-40.5900251380778,-52.6302417045587,-28.6007114731577,-80.7631253906094,-80.7775780256944,-104.602144329293,-56.9685823529701,"Mar","Male","Cardiovascular","Cerebrovascular
disease","Cerebrovascular",-0.00789535598873329,-0.00556325840753894,-0.010237354931834
"32",1,3,"COPD",7027,-33.3059012456234,-33.2935153783963,-50.6622226238823,-15.5675889596136,-66.4103419627313,-66.3557004966578,-100.888853826417,-31.0495619229878,"Mar","Male","Respiratory","COPD","COPD",-0.00473794156516242,-0.00221539618039186,-0.00720965171821294
"33",1,3,"Ischaemic
heart disease",18767,-120.33061855586,-120.333165270364,-148.257397799915,-92.0002501699569,-239.844533518872,-239.811167263591,-295.199730699647,-183.50522984016,"Mar","Male","Cardiovascular","Ischaemic
heart disease","Ischaemic",-0.00641195530827323,-0.00490223531571146,-0.00789989864122745
"34",1,3,"Other
cardiovascular
diseases",14150,-97.7131548681561,-97.5001064926894,-123.593266168323,-71.041896966833,-194.667686439016,-194.224786728804,-246.050726719719,-141.607568049424,"Mar","Male","Cardiovascular","Other cardiovascular
diseases","Other cardiovascular diseases",-0.00689046688994271,-0.00502062876090692,-0.00873450644299102
"35",1,3,"Other
respiratory
diseases",3169,-5.36012977049931,-5.281334014119,-15.1334992914272,5.1254089691309,-10.6548316029824,-10.4895829637862,-30.1683604752822,10.3249260686543,"Mar","Male","Respiratory","Other respiratory
diseases","Asthma",-0.00166656169584065,0.00161735846296336,-0.00477548100076593
"36",1,3,"Respiratory
infections",2971,-18.2175478550818,-18.1378097923927,-27.8002636354391,-8.22223961247135,-36.2699331523309,-36.0818060059713,-55.271071177849,-16.3482647503916,"Mar","Male","Respiratory","Respiratory
infections","Respiratory
infections",-0.00610495112500596,-0.00276749902809537,-0.00935720755147732
"37",1,4,"Cerebrovascular
disease",5093.3,-36.3681103896485,-36.3392492485077,-50.7923097607217,-22.108929427049,-72.3955937229619,-72.3425203976869,-100.995973137569,-44.0890412609013,"Apr","Male","Cardiovascular","Cerebrovascular
disease","Cerebrovascular",-0.00713471604824135,-0.00434078680365362,-0.00997237739004608
"38",1,4,"COPD",6454.2,-15.9332624639698,-15.9020216226992,-35.382691733274,3.614587020964,-31.7481030680614,-31.6661070272004,-70.468230070083,7.27263914204988,"Apr","Male","Respiratory","COPD","COPD",-0.00246382535755,0.000560036413647547,-0.00548211888898299
"39",1,4,"Ischaemic
heart disease",18171.1666666667,-112.981342625551,-112.611607952884,-148.776525741715,-77.4861414651926,-225.117937631866,-224.323054953838,-296.112225924342,-154.500560374428,"Apr","Male","Cardiovascular","Ischaemic
heart disease","Ischaemic",-0.00619726900416688,-0.00426423591212411,-0.0081875054293917
"40",1,4,"Other
cardiovascular
diseases",13601.7666666667,-66.7601121403491,-66.6615836421331,-98.8398193508331,-34.1487976378444,-132.998323934205,-132.840827797969,-196.839426196536,-67.8883800697848,"Apr","Male","Cardiovascular","Other cardiovascular
diseases","Other cardiovascular diseases",-0.00490095038944449,-0.00251061486898842,-0.00726668981854071
"41",1,4,"Other
respiratory
diseases",2787.93333333333,-10.1828485109203,-10.2249200192938,-20.9804616175219,0.656985335709198,-20.2671078839882,-20.3348213405496,-41.7345979289092,1.39129660261608,"Apr","Male","Respiratory","Other respiratory
diseases","Asthma",-0.00366756259808717,0.000235653172855352,-0.00752545312568039
"42",1,4,"Respiratory
infections",2529.6,-14.8995370750829,-14.9880123025982,-25.2843118485312,-4.96775042206327,-29.6241889147284,-29.7831203458538,-50.2331345382434,-9.87896046870708,"Apr","Male","Respiratory","Respiratory
infections","Respiratory
infections",-0.00592505230178614,-0.00196384820606549,-0.00999537944676281
"43",1,5,"Cerebrovascular
disease",4830,-20.3468091512227,-20.213848082461,-33.6029476543916,-6.00439571644271,-40.5650681003013,-40.281243137964,-66.8889341297916,-11.9734326481087,"May","Male","Cardiovascular","Cerebrovascular
disease","Cerebrovascular",-0.00418506171479523,-0.00124314611106474,-0.00695713201954278
"44",1,5,"COPD",6015,0.463153464291066,0.479228572312882,-17.8925536637738,18.8273850226192,0.995761161333544,1.0658473064337,-35.7025642343559,37.8128833047133,"May","Male","Respiratory","COPD","COPD",7.96722480985672e-05,0.00313007232296246,-0.00297465563820013
"45",1,5,"Ischaemic
heart disease",17205,-19.7178647408847,-19.6909893260034,-50.9159083255865,12.4792756632158,-39.2769570670974,-39.2207081023801,-101.434203452815,25.0107103336288,"May","Male","Cardiovascular","Ischaemic
heart disease","Ischaemic",-0.0011444922595759,0.00072532843145689,-0.00295936694714249
"46",1,5,"Other
cardiovascular
diseases",12938,-50.8577538343604,-50.7471211219905,-79.9299640907843,-20.65678559001,-101.371271324854,-101.13968410234,-159.231315643558,-41.2126227292051,"May","Male","Cardiovascular","Other cardiovascular
diseases","Other cardiovascular diseases",-0.00392233120435852,-0.00159659805147705,-0.006177922715318
"47",1,5,"Other
respiratory
diseases",2687,-9.21825429758689,-9.031420494609,-19.6835968096414,2.05197144538145,-18.3353440474363,-17.9520526500328,-39.141322286912,4.16863881320256,"May","Male","Respiratory","Other respiratory
diseases","Asthma",-0.00336115388708932,0.000763666336204483,-0.00732549192766708
"48",1,5,"Respiratory
infections",2018,-5.38671449253896,-5.40545834455094,-13.5917822425716,3.08457398513733,-10.7170438730619,-10.7380061564289,-27.0371808024555,6.21270117938116,"May","Male","Respiratory","Respiratory
infections","Respiratory
infections",-0.00267862157807282,0.00152853022058341,-0.00673527365836056
"49",1,6,"Cerebrovascular
disease",4727.5,-7.24283799448694,-7.13641217864218,-21.8614635456161,8.38160908501507,-14.3905724902214,-14.1689237423195,-43.5231591207158,16.8658664414488,"Jun","Male","Cardiovascular","Cerebrovascular
disease","Cerebrovascular",-0.00150955307850707,0.00177294745320255,-0.00462431804243598
"50",1,6,"COPD",5491.13333333333,12.3573174077033,12.313755805819,-7.10068020716064,31.826979659214,24.8609045824085,24.7705572991141,-14.0599308699255,63.8943475500401,"Jun","Male","Respiratory","COPD","COPD",0.00224247984128699,0.00579606753782716,-0.00129311742697208
"51",1,6,"Ischaemic
heart disease",17001.4333333333,23.4063204497335,23.2644360780472,-12.4847603529119,59.8982485185824,47.0256654901609,46.7979232247231,-24.7161528396523,120.262217134203,"Jun","Male","Cardiovascular","Ischaemic
heart disease","Ischaemic",0.00136838086659638,0.00352312933528638,-0.000734335753235228
"52",1,6,"Other
cardiovascular
diseases",12708.9666666667,6.87149683436417,7.14867707615215,-26.3701445809187,41.111865042286,13.945385549309,14.5196967195403,-52.516573496655,82.8092655474767,"Jun","Male","Cardiovascular","Other cardiovascular
diseases","Other cardiovascular diseases",0.000562490819564571,0.00323487079009461,-0.00207492436423513
"53",1,6,"Other
respiratory
diseases",2635,-10.1215863177948,-10.1333883560578,-21.7123229684523,1.42383454161169,-20.1064364479217,-20.1219649468525,-43.1343593447908,2.93372315625669,"Jun","Male","Respiratory","Other respiratory
diseases","Asthma",-0.00384568818066709,0.000540354664748268,-0.00823997076601605
"54",1,6,"Respiratory
infections",1696.73333333333,-1.86943946852585,-1.83854531439447,-9.61806262867644,6.19163563727327,-3.67261472393423,-3.60236498469395,-19.1165129978347,12.4728466414547,"Jun","Male","Respiratory","Respiratory
infections","Respiratory
infections",-0.00108357941597254,0.00364915070366976,-0.00566857645790526
"55",1,7,"Cerebrovascular
disease",4640,2.91542058795729,2.9397973887762,-12.7064050277531,18.6958503232927,5.91983699465466,5.97569846401911,-25.2559811595444,37.5965131283839,"Jul","Male","Cardiovascular","Cerebrovascular
disease","Cerebrovascular",0.000633577023443146,0.00402927808691654,-0.00273844935942954
"56",1,7,"COPD",5377,11.7456793424739,11.7616374811693,-7.00533739987857,30.3387074109359,23.5927433040795,23.6293790347527,-13.9383256828276,60.9540255207083,"Jul","Male","Respiratory","COPD","COPD",0.00218739770897699,0.00564231121646567,-0.00130283381065251
"57",1,7,"Ischaemic
heart disease",16457,61.6399690321308,62.1028956604902,25.0090777899533,100.509100282884,123.736621793441,124.687177012719,50.2237967348086,201.755436173024,"Jul","Male","Cardiovascular","Ischaemic
heart disease","Ischaemic",0.00377364620893785,0.00610737681733513,0.00151966201555285
"58",1,7,"Other
cardiovascular
diseases",12474,75.8488049803512,76.0770970541384,40.9361235579272,111.980020930479,152.407005858087,152.97319237564,82.3786462391726,225.350717177587,"Jul","Male","Cardiovascular","Other cardiovascular
diseases","Other cardiovascular diseases",0.00609885337936014,0.00897707398833403,0.00328171585360968
"59",1,7,"Other
respiratory
diseases",2549,-11.16328863814,-11.2305271196106,-22.7967388336929,0.486598149101894,-22.1541045415912,-22.2804997085648,-45.2098794131631,1.01082685183063,"Jul","Male","Respiratory","Other respiratory
diseases","Asthma",-0.00440585606889393,0.000190897665398938,-0.00894340479940877
"60",1,7,"Respiratory
infections",1689,2.53856418892335,2.55187044044557,-6.00783273428131,11.3603242731721,5.17751070963582,5.20066053993555,-11.9604700646505,22.8992072031516,"Jul","Male","Respiratory","Respiratory
infections","Respiratory
infections",0.00151087651891389,0.00672606528903023,-0.0035570353666556
"61",1,8,"Cerebrovascular
disease",4766,3.25124931219543,3.31624796999706,-12.5623561208836,20.3518500317568,6.61413906764389,6.74161992246837,-25.0187688430946,40.883441553064,"Aug","Male","Cardiovascular","Cerebrovascular
disease","Cerebrovascular",0.000695813673939794,0.00427021612080504,-0.00263582797332849
"62",1,8,"COPD",5427,3.94756650027592,3.95382374141241,-16.1678637946917,23.7924931422733,7.9772128725131,8.00081883585243,-32.2479799229457,47.8840535805239,"Aug","Male","Respiratory","COPD","COPD",0.000728546847505511,0.00438409676474541,-0.00297915308544162
"63",1,8,"Ischaemic
heart disease",16608,-39.6981383281231,-39.9232190252859,-77.7144517227943,-3.32860812955752,-78.9849010508905,-79.4729354358291,-154.668626534013,-6.42321700076345,"Aug","Male","Cardiovascular","Ischaemic
heart disease","Ischaemic",-0.0024038547100967,-0.00020042197311883,-0.00467933837444571
"64",1,8,"Other
cardiovascular
diseases",12487,45.4212035736541,45.5637782692735,11.2899350378816,80.0585713693181,91.1717764706223,91.4990464170266,22.7971116498191,160.789143578377,"Aug","Male","Cardiovascular","Other cardiovascular
diseases","Other cardiovascular diseases",0.00364889711454101,0.00641135351720334,0.000904135103538204
"65",1,8,"Other
respiratory
diseases",2482,-11.299411373875,-11.1610471304186,-22.9489676276919,0.703300123345888,-22.4486095266019,-22.1571131616233,-45.6128938788685,1.4735975417927,"Aug","Male","Respiratory","Other respiratory
diseases","Asthma",-0.00449679578179639,0.000283360243088593,-0.00924615939874775
"66",1,8,"Respiratory
infections",1648,-2.18380733304835,-2.18895454501386,-10.3056776372221,5.96087097920573,-4.30228426767769,-4.29626329839774,-20.486092444642,12.0139438401523,"Aug","Male","Respiratory","Respiratory
infections","Respiratory
infections",-0.00132824911712006,0.00361703336116852,-0.00625344516821728
"67",1,9,"Cerebrovascular
disease",4791.56666666667,-10.4112526533179,-10.313940312448,-25.8265800639411,5.35565998982643,-20.7243288667249,-20.5074664702131,-51.4391670455632,10.8249715007229,"Sep","Male","Cardiovascular","Cerebrovascular
disease","Cerebrovascular",-0.0021525194221336,0.00111772628086007,-0.00539000745697812
"68",1,9,"COPD",5218.33333333333,-0.0932639808982836,-0.178030418135315,-18.2494740512106,18.8354839475851,-0.111186580646121,-0.260257285908606,-36.3469472067788,37.8333804298229,"Sep","Male","Respiratory","COPD","COPD",-3.41163369151034e-05,0.00360948271113096,-0.00349718442373886
"69",1,9,"Ischaemic
heart disease",16412.4333333333,-106.301805816832,-106.07383862035,-143.986505783292,-67.5036907297296,-211.620397571025,-211.249860224922,-286.542730311779,-134.615909695668,"Sep","Male","Cardiovascular","Ischaemic
heart disease","Ischaemic",-0.00646301718130463,-0.00411296054392074,-0.00877301390104403
"70",1,9,"Other
cardiovascular
diseases",12437.2,-4.45192494601116,-4.49410107845288,-39.2173219220281,30.2801752443431,-8.77620146706087,-8.84039073188768,-78.0471443244122,60.7705602759112,"Sep","Male","Cardiovascular","Other cardiovascular
diseases","Other cardiovascular diseases",-0.000361343475899148,0.00243464567944096,-0.00315322756906925
"71",1,9,"Other
respiratory
diseases",2469.66666666667,-11.2428187200569,-11.3355961597423,-22.7139270024754,0.00579082919376416,-22.3241686079146,-22.4815646401559,-44.9885234120583,0.146109610607608,"Sep","Male","Respiratory","Other respiratory
diseases","Asthma",-0.0045899296098295,2.34478169540997e-06,-0.00919716304594767
"72",1,9,"Respiratory
infections",1699.83333333333,-8.74068171248672,-8.64425486982162,-16.8135458770339,-0.250680015696787,-17.3516610686567,-17.1587585218171,-33.3757794704117,-0.447348673340849,"Sep","Male","Respiratory","Respiratory
infections","Respiratory
infections",-0.00508535436993134,-0.000147473290928593,-0.00989129083853351
"73",2,1,"Cerebrovascular
disease",7603,-61.2639559720082,-61.2783714112601,-76.6492296391437,-46.0409777128546,-121.99271172941,-122.003381122451,-152.439117074737,-91.7582682513088,"Jan","Female","Cardiovascular","Cerebrovascular
disease","Cerebrovascular",-0.00805976212169671,-0.00605563300182225,-0.0100814454345842
"74",2,1,"COPD",7294,-14.0845642701094,-14.208199316992,-32.4653305970447,3.15755153101294,-28.071190329962,-28.3112945078176,-64.6546406772802,6.40930067373614,"Jan","Female","Respiratory","COPD","COPD",-0.00194792971167973,0.00043289711146325,-0.00445096388772206
"75",2,1,"Ischaemic
heart disease",14113,-84.0910317009343,-84.0539951208064,-105.571465271176,-61.5965221958343,-167.636799434124,-167.558079835158,-210.284297976624,-122.910226865387,"Jan","Female","Cardiovascular","Ischaemic
heart disease","Ischaemic",-0.00595578510031931,-0.00436452364457127,-0.00748044110190438
"76",2,1,"Other
cardiovascular
diseases",16042,-103.900866986799,-104.114679796932,-131.961110142951,-75.7261327102006,-207.044154172683,-207.467206935244,-262.746903800318,-150.959523390778,"Jan","Female","Cardiovascular","Other cardiovascular
diseases","Other cardiovascular diseases",-0.00649013089371225,-0.00472049200287998,-0.00822597619641885
"77",2,1,"Other
respiratory
diseases",2917,-7.41153693091893,-7.41278633403874,-16.6429158076125,1.79315992671369,-14.7560093283687,-14.7575509889206,-33.1482169405745,3.64039502299883,"Jan","Female","Respiratory","Other respiratory
diseases","Asthma",-0.00254123631609144,0.000614727434595025,-0.00570549050655209
"78",2,1,"Respiratory
infections",2816,-30.8005541479569,-30.9626859406332,-40.6080320747892,-21.643354433293,-61.2267562143662,-61.5231879428228,-80.5274961135882,-43.0876424195311,"Jan","Female","Respiratory","Respiratory
infections","Respiratory
infections",-0.0109952719959635,-0.00768585029591372,-0.0144204659356496
"79",2,10,"Cerebrovascular
disease",6844,-47.1426343470835,-47.3673484146375,-68.1571542154979,-26.9256050793168,-93.8802704822064,-94.3245664582294,-135.523760458124,-53.7191973039657,"Oct","Female","Cardiovascular","Cerebrovascular
disease","Cerebrovascular",-0.0069210035673053,-0.00393419127400888,-0.00995867244528023
"80",2,10,"COPD",6102,-28.5219823982022,-28.6977203632713,-50.8978210137165,-6.57288066878278,-56.8259915630621,-57.1267057135196,-101.151681973156,-13.0650709279572,"Oct","Female","Respiratory","COPD","COPD",-0.00470300235386289,-0.00107716825119351,-0.00834117027428982
"81",2,10,"Ischaemic
heart disease",12775,-97.4157886801773,-97.301768365697,-127.374425990066,-66.0174313320507,-193.951149247739,-193.719310376701,-253.328243682702,-131.643652099514,"Oct","Female","Cardiovascular","Ischaemic
heart disease","Ischaemic",-0.0076165767800937,-0.00516770499663802,-0.00997060086027917
"82",2,10,"Other
cardiovascular
diseases",14399,-90.7251845629202,-90.6046775834913,-129.648869839265,-52.4997357222748,-180.742237528017,-180.483455215471,-257.917582536391,-104.686643366276,"Oct","Female","Cardiovascular","Other cardiovascular
diseases","Other cardiovascular diseases",-0.00629242847305308,-0.00364606817989269,-0.00900401901793632
"83",2,10,"Other
respiratory
diseases",2487,-13.5037954445104,-13.5846951121834,-24.7865758596684,-2.83675343401686,-26.8559354014325,-27.019418619872,-49.2487475190422,-5.6121106466156,"Oct","Female","Respiratory","Other respiratory
diseases","Asthma",-0.00546228191080956,-0.00114063266345672,-0.0099664559146234
"84",2,10,"Respiratory
infections",1835,-12.9934659475925,-13.0286175670847,-22.6257183427533,-3.87227945695197,-25.8328950942892,-25.8851331038521,-44.8862409780406,-7.710782375548,"Oct","Female","Respiratory","Respiratory
infections","Respiratory
infections",-0.00710006406925595,-0.00211023403648609,-0.0123300917399201
"85",2,11,"Cerebrovascular
disease",7319.1,-52.0058552145787,-52.0165722286578,-69.5309974741234,-34.3464239680798,-103.603567909876,-103.607867846765,-138.341212537402,-68.4766181595306,"Nov","Female","Cardiovascular","Cerebrovascular
disease","Cerebrovascular",-0.00710696290919072,-0.00469271139458127,-0.00949993817192324
"86",2,11,"COPD",6428.36666666667,-12.9841002255025,-12.9979091980461,-33.1284156205808,6.88065904289188,-25.8276690841554,-25.8729431766174,-66.0177625146909,13.9245281810478,"Nov","Female","Respiratory","COPD","COPD",-0.00202196138957736,0.00107035883291638,-0.00515347324420109
"87",2,11,"Ischaemic
heart disease",13173.9666666667,-99.0474666044496,-99.0378680953221,-124.957890729622,-72.654533779531,-197.297185292659,-197.24195079814,-248.695721739373,-144.868057535114,"Nov","Female","Cardiovascular","Ischaemic
heart disease","Ischaemic",-0.00751769536095092,-0.00551500816860001,-0.00948521382294031
"88",2,11,"Other
cardiovascular
diseases",15136.2666666667,-76.4491584088778,-76.2425414677604,-108.184801291667,-43.7716583779045,-152.443375246624,-152.005945199865,-215.552207870851,-87.3687850655992,"Nov","Female","Cardiovascular","Other cardiovascular
diseases","Other cardiovascular diseases",-0.00503707705121653,-0.00289183980051694,-0.00714739001856472
"89",2,11,"Other
respiratory
diseases",2567.83333333333,-12.3034019582325,-12.3970063489194,-21.8283647115983,-3.24246715831949,-24.4790028960985,-24.6757442694446,-43.4126426096541,-6.4306154720638,"Nov","Female","Respiratory","Other respiratory
diseases","Asthma",-0.00482780801541612,-0.00126272492697585,-0.00850069372814886
"90",2,11,"Respiratory
infections",1996.4,-10.1627120845806,-10.1521106531509,-18.4265989366744,-1.9485695954975,-20.2245630108153,-20.1901945941545,-36.6579237611373,-3.82807472769832,"Nov","Female","Respiratory","Respiratory
infections","Respiratory
infections",-0.00508520870223951,-0.000976041672759719,-0.00922991331229934
"91",2,12,"Cerebrovascular
disease",7764,-57.5750369278498,-57.5164928956841,-72.1629551390985,-42.7737842731661,-114.693041505682,-114.564016020079,-143.619452816928,-85.2984507335854,"Dec","Female","Cardiovascular","Cerebrovascular
disease","Cerebrovascular",-0.00740810057904226,-0.00550924578479728,-0.00929455887932748
"92",2,12,"COPD",7205,-16.5042419336476,-16.5007967113755,-34.6122980388807,1.32776955461806,-32.9150007205566,-32.8656495627853,-68.8044795460905,2.72721738595326,"Dec","Female","Respiratory","COPD","COPD",-0.0022901869134456,0.000184284462819994,-0.00480392755570863
"93",2,12,"Ischaemic
heart disease",14094,-95.268415110779,-95.414072885058,-116.948910249813,-73.8033733078644,-189.830306345013,-190.120883150473,-232.912352335397,-147.176685612823,"Dec","Female","Cardiovascular","Ischaemic
heart disease","Ischaemic",-0.00676983630516943,-0.00523651009705296,-0.00829777992406787
"94",2,12,"Other
cardiovascular
diseases",16232,-105.535760528923,-105.589742690019,-132.915746761125,-78.3662122286884,-210.32511168866,-210.417210712423,-264.625213792544,-156.315992548614,"Dec","Female","Cardiovascular","Other cardiovascular
diseases","Other cardiovascular diseases",-0.00650503589761086,-0.00482788394706065,-0.00818850090938427
"95",2,12,"Other
respiratory
diseases",2763,-17.7156570557698,-17.6914641669992,-26.2300662099227,-9.04642217782235,-35.2716025302647,-35.2135821132941,-52.1832036055536,-18.0263279704143,"Dec","Female","Respiratory","Other respiratory
diseases","Asthma",-0.00640299101230518,-0.00327413035751804,-0.00949332834235348
"96",2,12,"Respiratory
infections",2647,-10.4106899378446,-10.3049663466358,-19.2114994620295,-1.0785444466654,-20.7451887814298,-20.5194838645508,-38.2300995985275,-2.13774225006356,"Dec","Female","Respiratory","Respiratory
infections","Respiratory
infections",-0.00389307379925796,-0.00040745917894424,-0.00725783885985247
"97",2,2,"Cerebrovascular
disease",7387.62068965517,-55.6953903869697,-55.6750298894119,-70.2908233775084,-41.1802553431813,-110.938223003397,-110.886107870252,-139.896134863976,-82.0670222382007,"Feb","Female","Cardiovascular","Cerebrovascular
disease","Cerebrovascular",-0.00753625994460885,-0.00557422437793074,-0.00951467682632056
"98",2,2,"COPD",7571.48275862069,2.59934490982301,2.61509977490207,-15.818467509467,21.8824237533015,5.30678722819277,5.30838221485688,-31.5841949235728,43.8560422421363,"Feb","Female","Respiratory","COPD","COPD",0.000345388064434881,0.00289011075517365,-0.0020892166057509
"99",2,2,"Ischaemic
heart disease",14364.7586206897,-78.2975146269837,-78.3195627351928,-100.320214374582,-56.1487787050351,-156.133823586741,-156.158328005567,-199.882538917139,-112.001994271472,"Feb","Female","Cardiovascular","Ischaemic
heart disease","Ischaemic",-0.00545220179491138,-0.00390878678769886,-0.00698377306737963
"100",2,2,"Other
cardiovascular
diseases",15883.7586206897,-81.9689264950736,-82.020791155979,-109.538829740498,-53.9269213510861,-163.469150910667,-163.550975166754,-218.244031470067,-107.62652268523,"Feb","Female","Cardiovascular","Other cardiovascular
diseases","Other cardiovascular diseases",-0.00516381500844148,-0.00339509826602645,-0.00689627891963912
"101",2,2,"Other
respiratory
diseases",2850.93103448276,-4.96897188708513,-4.96799647870525,-13.4764468597286,3.86689187396671,-9.88746982434214,-9.87828397160485,-26.8118476732954,7.77768934007143,"Feb","Female","Respiratory","Other respiratory
diseases","Asthma",-0.00174258739289587,0.00135636107194304,-0.00472703362400826
"102",2,2,"Respiratory
infections",2817.79310344828,-24.0156230718182,-24.075845889133,-33.1624422918292,-15.1183905660226,-47.7812340318246,-47.8933889682211,-65.9068323472285,-30.127360980937,"Feb","Female","Respiratory","Respiratory
infections","Respiratory
infections",-0.00854422060287898,-0.00536533024639797,-0.0117689415348652
"103",2,3,"Cerebrovascular
disease",7290,-52.8747244763631,-52.987773209509,-70.0623925927247,-36.5538202451859,-105.344718213718,-105.534742673546,-139.379973327213,-72.8977895995716,"Mar","Female","Cardiovascular","Cerebrovascular
disease","Cerebrovascular",-0.00726855599581742,-0.00501424146024498,-0.00961075344207472
"104",2,3,"COPD",7967,-27.5952553347956,-27.5125911103094,-48.2020775918403,-7.31614961409302,-55.0233798105847,-54.8588245961684,-96.0774468366941,-14.6005969567997,"Mar","Female","Respiratory","COPD","COPD",-0.00345331882895812,-0.000918306716969125,-0.00605021684345931
"105",2,3,"Ischaemic
heart disease",13840,-81.1243334869656,-81.0331175793789,-106.318963397086,-55.8201826528099,-161.697804780971,-161.51203011466,-211.746427197841,-111.295717772675,"Mar","Female","Cardiovascular","Ischaemic
heart disease","Ischaemic",-0.00585499404475281,-0.00403325019167702,-0.00768200602580102
"106",2,3,"Other
cardiovascular
diseases",15916,-94.5249729596043,-94.4233656031954,-126.743865044941,-62.0005374751844,-188.431396097992,-188.204239805742,-252.411396602395,-123.708013786316,"Mar","Female","Cardiovascular","Other cardiovascular
diseases","Other cardiovascular diseases",-0.00593260653450586,-0.00389548488786029,-0.0079632988844522
"107",2,3,"Other
respiratory
diseases",2865,-10.1735304946098,-10.1591506013113,-19.6539640827356,-0.534966325448203,-20.2517447884598,-20.2162740039455,-39.0906081658684,-1.04816335464537,"Mar","Female","Respiratory","Other respiratory
diseases","Asthma",-0.00354595134426225,-0.000186724720924329,-0.00686002236744699
"108",2,3,"Respiratory
infections",3292,-22.0707099576425,-22.0664523096218,-33.8371647689707,-10.1964013205107,-43.9072529585471,-43.8783528522628,-67.2042287647297,-20.2629131582128,"Mar","Female","Respiratory","Respiratory
infections","Respiratory
infections",-0.00670305355699325,-0.00309732725410409,-0.0102786041218015
"109",2,4,"Cerebrovascular
disease",6966.73333333333,-27.1262078916932,-27.1234241367413,-46.9862291296366,-7.47296339770082,-54.060774765513,-54.0429831271998,-93.5646511049456,-14.8416348823696,"Apr","Female","Cardiovascular","Cerebrovascular
disease","Cerebrovascular",-0.00389327721314743,-0.00107266390719239,-0.00674437026386875
"110",2,4,"COPD",7220.93333333333,-44.2131184811074,-44.4345328572311,-69.2497457854317,-20.6708472398494,-88.0976002760506,-88.4894820824914,-137.752448223305,-41.2150410012131,"Apr","Female","Respiratory","COPD","COPD",-0.00615357195615033,-0.00286262817916189,-0.00959013781026898
"111",2,4,"Ischaemic
heart disease",13025.1666666667,-85.5053718146899,-85.6489753591168,-115.982591424639,-56.4040145780235,-170.353026088035,-170.612419637784,-230.872118406534,-112.410255299613,"Apr","Female","Cardiovascular","Ischaemic
heart disease","Ischaemic",-0.00657565293028497,-0.00433038716674311,-0.00890449960394406
"112",2,4,"Other
cardiovascular
diseases",15278.8666666667,-72.3473355150223,-72.3308470642115,-112.021737865451,-32.7712351720585,-144.249625626137,-144.170542807288,-223.030039523159,-65.3644898873374,"Apr","Female","Cardiovascular","Other cardiovascular
diseases","Other cardiovascular diseases",-0.00473404530861003,-0.00214487343119201,-0.00733180937496135
"113",2,4,"Other
respiratory
diseases",2800.33333333333,-13.9500694112859,-14.003941216064,-25.2245203788729,-2.54757827614884,-27.7487133454839,-27.8478000291705,-50.1843403447919,-5.05012917481583,"Apr","Female","Respiratory","Other respiratory
diseases","Asthma",-0.00500081224237495,-0.00090974108182913,-0.00900768493472429
"114",2,4,"Respiratory
infections",2755.9,-14.5893612648884,-14.5761754511086,-26.5404442736517,-2.59974227836924,-29.0595428371501,-28.9894737314972,-52.7529336308536,-5.14487675725713,"Apr","Female","Respiratory","Respiratory
infections","Respiratory
infections",-0.00528907995613362,-0.000943336941967867,-0.00963040904011454
"115",2,5,"Cerebrovascular
disease",6806,-14.7714784355697,-14.7680976655219,-34.5071032131634,4.52045882969287,-29.4552823251911,-29.4352957935822,-68.8100789219363,9.1316202248491,"May","Female","Cardiovascular","Cerebrovascular
disease","Cerebrovascular",-0.00216986448215132,0.000664187309681586,-0.00507010038394996
"116",2,5,"COPD",6425,-33.79274742911,-33.8798798283659,-55.3813222007918,-12.6549421415187,-67.289345581168,-67.4823439936096,-110.188244998908,-25.2242096740369,"May","Female","Respiratory","COPD","COPD",-0.00527313304721648,-0.00196964080023637,-0.00861966104292479
"117",2,5,"Ischaemic
heart disease",12392,-32.4840560544608,-32.4183934927385,-60.6933941235521,-3.98279340628803,-64.7880318647156,-64.6625675071954,-121.03661885007,-7.89776608200521,"May","Female","Cardiovascular","Ischaemic
heart disease","Ischaemic",-0.00261607436190595,-0.000321400371714657,-0.00489778842184894
"118",2,5,"Other
cardiovascular
diseases",14527,-34.7885159305406,-35.0631776843541,-71.3627308294545,0.546685616754477,-69.3808909359096,-69.8930745768529,-142.182132766793,1.15466917306069,"May","Female","Cardiovascular","Other cardiovascular
diseases","Other cardiovascular diseases",-0.00241365579158492,3.76323822368333e-05,-0.00491242037787943
"119",2,5,"Other
respiratory
diseases",2560,-10.9457771640822,-11.0748981083001,-21.9897139537967,-0.342162749392158,-21.772020225342,-22.0181605385933,-43.7405075768856,-0.58785275436121,"May","Female","Respiratory","Other respiratory
diseases","Asthma",-0.00432613207355473,-0.000133657323981312,-0.00858973201320184
"120",2,5,"Respiratory
infections",2065,-6.01917897009388,-5.97676110824455,-15.2112434528164,3.72829236570598,-11.9809182300494,-11.8776859038898,-30.2626418884577,7.51246445853155,"May","Female","Respiratory","Respiratory
infections","Respiratory
infections",-0.00289431530665596,0.001805468457969,-0.00736621958974162
"121",2,6,"Cerebrovascular
disease",6617.46666666667,11.4949887029042,11.5038833556492,-9.89812583538885,33.1692445022169,23.0946112343974,23.1518909482575,-19.6963728424728,66.6090572310672,"Jun","Female","Cardiovascular","Cerebrovascular
disease","Cerebrovascular",0.00173841198378774,0.0050123780251582,-0.00149575756614649
"122",2,6,"COPD",6247.53333333333,-22.9069680736717,-22.8387831243018,-45.9300720959559,0.385702140065086,-45.4954008093752,-45.3868046846886,-91.166193081789,0.968173950080651,"Jun","Female","Respiratory","COPD","COPD",-0.00365564806232356,6.17367078311044e-05,-0.00735171301142146
"123",2,6,"Ischaemic
heart disease",12007.3333333333,21.382574337742,21.5746405966851,-9.62051610325075,51.8566868918852,42.8743013702438,43.284599673203,-19.125786334151,104.054579680175,"Jun","Female","Cardiovascular","Ischaemic
heart disease","Ischaemic",0.00179678867886445,0.00431875133739536,-0.000801220040801517
"124",2,6,"Other
cardiovascular
diseases",14038.8666666667,-1.42936843907653,-1.75198782414045,-42.2719132855769,39.1670447400694,-2.696936824163,-3.27692240829897,-84.2065037178252,78.5777880383687,"Jun","Female","Cardiovascular","Other cardiovascular
diseases","Other cardiovascular diseases",-0.000124795531273211,0.00278990075695114,-0.0030110630928596
"125",2,6,"Other
respiratory
diseases",2431.43333333333,-7.08365849725861,-7.02214859099182,-17.8374806492275,4.47399589780426,-14.0770136330953,-13.9423058418541,-35.4189377452428,9.06173197054323,"Jun","Female","Respiratory","Other respiratory
diseases","Asthma",-0.00288806955745931,0.00184006521440204,-0.00733619976525266
"126",2,6,"Respiratory
infections",1836.23333333333,-0.250229589092212,-0.247366878152612,-9.80666664918563,9.17213500762431,-0.433554003970281,-0.41689132041398,-19.5118201586863,18.4684058196437,"Jun","Female","Respiratory","Respiratory
infections","Respiratory
infections",-0.000134714294562753,0.00499508142082033,-0.00534064297339788
"127",2,7,"Cerebrovascular
disease",6394,31.856652004166,31.7840750063675,10.6657141732768,53.5117680520854,64.0325697309682,63.9062966418795,21.4907246027347,107.722195525462,"Jul","Female","Cardiovascular","Cerebrovascular
disease","Cerebrovascular",0.00497092195908157,0.00836905975165552,0.0016680816661365
"128",2,7,"COPD",5972,-11.2553193265906,-11.3520604444225,-34.0427405469949,11.0446675264579,-22.2295060067655,-22.4121292500029,-67.6680317536948,22.3382702089215,"Jul","Female","Respiratory","COPD","COPD",-0.00190088085137683,0.00184940849404855,-0.00570039192012641
"129",2,7,"Ischaemic
heart disease",12061,65.6486207481785,65.6021764851695,33.4899865124544,98.6792271883452,131.771279496435,131.715204610221,67.1381735141704,198.229842662458,"Jul","Female","Cardiovascular","Ischaemic
heart disease","Ischaemic",0.00543919877996597,0.00818167873214039,0.0027767172301181
"130",2,7,"Other
cardiovascular
diseases",13766,102.470390633486,102.690220160143,61.8763549807184,144.224605020382,205.78129998474,206.309655232211,124.152094990959,290.052217965564,"Jul","Female","Cardiovascular","Other cardiovascular
diseases","Other cardiovascular diseases",0.00745969927067727,0.0104768709153263,0.0044948681520208
"131",2,7,"Other
respiratory
diseases",2369,-3.38362046980989,-3.31415543313226,-14.2205327809342,7.62015580861899,-6.67803176207875,-6.53721658271829,-28.2097987126266,15.2925045525273,"Jul","Female","Respiratory","Other respiratory
diseases","Asthma",-0.00139896810178652,0.00321661283605698,-0.0060027576112006
"132",2,7,"Respiratory
infections",1745,8.05068044683001,8.1572038445552,-1.865579450187,18.2983076945561,16.2369579971613,16.4482467883395,-3.69758362278423,36.9327908729978,"Jul","Female","Respiratory","Respiratory
infections","Respiratory
infections",0.00467461538369925,0.0104861362146453,-0.00106909997145387
"133",2,8,"Cerebrovascular
disease",6524,20.6459553433931,20.778725097007,-1.35215147220763,43.3602207076338,41.4937289619934,41.7950202672177,-2.55408117289252,87.2297908534248,"Aug","Female","Cardiovascular","Cerebrovascular
disease","Cerebrovascular",0.00318496705962708,0.00664626313728292,-0.000207258042950281
"134",2,8,"COPD",5702,-16.3146292358974,-16.3175917100903,-39.0973747438091,6.96376986621745,-32.3716916196302,-32.3835328779125,-77.6816416663269,14.1743205987118,"Aug","Female","Respiratory","COPD","COPD",-0.00286173127149952,0.0012212854903924,-0.00685678266289181
"135",2,8,"Ischaemic
heart disease",11912,-17.7718892498748,-17.6443128550308,-49.15913110786,15.5787783428985,-35.4041857136073,-35.1281256168055,-97.9669090395616,31.2424884346445,"Aug","Female","Cardiovascular","Ischaemic
heart disease","Ischaemic",-0.00148122169703079,0.00130782222489074,-0.00412685788346709
"136",2,8,"Other
cardiovascular
diseases",13868,72.4696554297299,72.362727505569,29.5330882207224,115.505715796541,145.402638060821,145.261231218708,59.1480961880198,232.26638842652,"Aug","Female","Cardiovascular","Other cardiovascular
diseases","Other cardiovascular diseases",0.00521796419855559,0.00832893826049473,0.00212958524810516
"137",2,8,"Other
respiratory
diseases",2309,-0.323938840580367,-0.159906965005728,-11.4127488846812,11.670427811953,-0.565711316679695,-0.243808367086069,-22.7142669254633,23.465403928693,"Aug","Female","Respiratory","Other respiratory
diseases","Asthma",-6.9253774363676e-05,0.00505432126979342,-0.00494272363996586
"138",2,8,"Respiratory
infections",1668,6.43732294063624,6.50199870321346,-2.96879332445203,17.0041234061527,12.9800555022719,13.1147713710191,-5.87979237091857,34.2495532050899,"Aug","Female","Respiratory","Respiratory
infections","Respiratory
infections",0.00389808075732222,0.0101943185888206,-0.00177985211298083
"139",2,9,"Cerebrovascular
disease",6634,-11.5381758373596,-11.5408352962343,-33.7952365243769,9.73464389504925,-22.9961500199509,-22.9707403954214,-67.354378244918,19.5596755093059,"Sep","Female","Cardiovascular","Cerebrovascular
disease","Cerebrovascular",-0.00173964957736422,0.00146738677947682,-0.0050942472903794
"140",2,9,"COPD",5938.56666666667,-22.928841062003,-22.8920596728952,-46.6651602264732,1.05688923919088,-45.6749314274809,-45.5519313321807,-92.6897756386079,2.21515490446192,"Sep","Female","Respiratory","COPD","COPD",-0.00385481227337044,0.000177970425948609,-0.00785798372668038
"141",2,9,"Ischaemic
heart disease",12079.6666666667,-79.5035053729975,-79.428814413163,-112.873546816751,-45.7015119551734,-158.262047447348,-158.097030152763,-224.262166092411,-91.0819627568259,"Sep","Female","Cardiovascular","Ischaemic
heart disease","Ischaemic",-0.00657541442201741,-0.00378334214149176,-0.00934409449626789
"142",2,9,"Other
cardiovascular
diseases",13979.9666666667,-35.4379656411524,-35.3207208998419,-77.3775094954312,6.53338160656185,-70.6812721639171,-70.396957198602,-154.115767259354,13.1806781735817,"Sep","Female","Cardiovascular","Other cardiovascular
diseases","Other cardiovascular diseases",-0.00252652397119511,0.000467338854400835,-0.00553488512100157
"143",2,9,"Other
respiratory
diseases",2426.26666666667,-3.44656476734229,-3.34947487281961,-14.8993086563875,8.31867095998152,-6.82701540794607,-6.60279877750074,-29.6246755407348,16.7487360032325,"Sep","Female","Respiratory","Other respiratory
diseases","Asthma",-0.00138050566280964,0.00342858889926149,-0.00614083722167974
"144",2,9,"Respiratory
infections",1736,-5.74742077188464,-5.80916572576577,-15.6211977809366,3.65831574194552,-11.4152142292595,-11.5219856361998,-30.893452158012,7.36855422868126,"Sep","Female","Respiratory","Respiratory
infections","Respiratory
infections",-0.00334629362083282,0.00210732473614373,-0.00899838581851188
