"","sex","age","month","deaths added","ll","ul","yll","ll","ul"
"33","Men","0-4","Jan",-0.556637910606742,-5.25933881556278,4.22856160607141,-39.7439468173214,-375.516791431182,301.919298673499
"149","Men","0-4","Feb",0.214703687458674,-4.36157663751468,4.85119464367181,15.3298432845493,-311.416571918548,346.375297558167
"199","Men","0-4","Mar",-1.0733504750811,-5.68668446759619,3.48101530005112,-76.6372239207905,-406.029270986368,248.54449242365
"220","Men","0-4","Apr",0.272121542752622,-4.94893664479437,5.44520818575727,19.4294781525372,-353.354076438318,388.787864463069
"265","Men","0-4","May",3.22342259719284,-2.43206613104302,9.03157850063335,230.152373439569,-173.649521756472,644.854704945221
"306","Men","0-4","Jun",3.26736816651123,-3.45852604700687,10.1824870582519,233.290087088902,-246.938759756291,727.029575959182
"334","Men","0-4","Jul",1.19816362404163,-5.56988942143316,7.97583475733857,85.5488827565721,-397.690104690327,569.474601673974
"371","Men","0-4","Aug",0.205946216984248,-6.48885671226883,6.94510999244424,14.7045598926753,-463.304369255994,495.880853460519
"403","Men","0-4","Sep",-2.26651930468653,-9.05820557977433,4.29614407295438,-161.829478354618,-646.755878395887,306.744686808943
"67","Men","0-4","Oct",-0.581198872990927,-5.94030834732836,4.90721185914604,-41.4975995315522,-424.138015999245,350.374926743027
"96","Men","0-4","Nov",-3.40692094593506,-8.40508898531127,1.50829523463438,-243.254155539764,-600.123353551225,107.692279752894
"136","Men","0-4","Dec",-4.44687177468459,-8.62270820434905,-0.36237684357618,-317.50664471248,-615.661365790522,-25.8737066313392
"2073","Men","5-14","Jan",0.184756583997699,-1.5657076708608,1.8462295549868,12.2678371774472,-103.962989345157,122.589642451123
"2189","Men","5-14","Feb",1.03571377372835,-0.599271496414996,2.72215858025257,68.7713945755627,-39.7916273619557,180.75132972877
"2239","Men","5-14","Mar",0.898185206673195,-0.914319581485991,2.64644491875923,59.6394977231001,-60.7108202106698,175.723942605613
"2260","Men","5-14","Apr",1.75101774947958,-0.279688752282541,3.78112335614911,116.267578565444,-18.5713331515607,251.066590848301
"2305","Men","5-14","May",2.7429501626368,0.689475778620405,4.91966091903166,182.131890799083,45.7811917003949,326.665485023702
"2346","Men","5-14","Jun",3.01855177054435,0.787182168954796,5.38295029921147,200.431837564145,52.2688960185985,357.427899867642
"2374","Men","5-14","Jul",3.39222782628544,0.940971854095892,6.0424706203914,225.243927665353,62.4805311119672,401.220049193989
"2411","Men","5-14","Aug",3.0124897559339,0.665558039562257,5.63432097615981,200.029319794011,44.1930538269339,374.118912817011
"2443","Men","5-14","Sep",1.43757066681583,-0.740989533102438,3.60010763955347,95.4546922765711,-49.2017049980019,239.04714726635
"2107","Men","5-14","Oct",0.235730085688252,-1.71223608446557,1.99850222936043,15.6524776897,-113.692476008514,132.700548029533
"2136","Men","5-14","Nov",1.30756626733266,-0.547917783830329,3.29944733884847,86.8224001508884,-36.3817408463338,219.083303299538
"2176","Men","5-14","Dec",0.288384146838819,-1.29116861165269,1.8207186658896,19.1487073500976,-85.7335958137388,120.89571941507
"441","Men","15-24","Jan",11.076513790515,4.15720291641386,18.0703411646263,624.715377785044,234.466244485742,1019.16724168492
"557","Men","15-24","Feb",9.42602307092269,3.02959520878897,15.8046977133238,531.62770120004,170.869169775698,891.384951031461
"607","Men","15-24","Mar",10.8080760434981,3.8602206386673,17.6841850034644,609.575488853295,217.716444020835,997.38803419539
"628","Men","15-24","Apr",12.2870784659961,4.81283210635885,19.6880924579407,692.991225482182,271.443730798639,1110.40841462785
"673","Men","15-24","May",16.5113858162577,8.40316583192497,24.5180084313788,931.242160036935,473.938552920568,1382.81567552977
"714","Men","15-24","Jun",28.2463959332062,18.0265244320266,39.1943502245298,1593.09673063283,1016.6959779663,2210.56135266348
"742","Men","15-24","Jul",24.6795583631539,14.5566050049877,35.0061812732393,1391.92709168188,820.992522281308,1974.3486238107
"779","Men","15-24","Aug",22.4906173040585,12.2447318320914,33.0285471964448,1268.4708159489,690.602875329953,1862.81006187949
"811","Men","15-24","Sep",19.4914039002106,9.97333297635604,29.6666594481013,1099.31517997188,562.495979866481,1673.19959287291
"475","Men","15-24","Oct",5.25713954603511,-2.97119845557096,12.9697866241913,296.50267039638,-167.575592894202,731.495965604387
"504","Men","15-24","Nov",9.86899528783094,2.59778579618681,17.246612575987,556.611334233665,146.515118904936,972.708949285668
"544","Men","15-24","Dec",7.76145206247999,1.67264575083519,13.7811901953638,437.745896323872,94.3372203471045,777.259127018516
"849","Men","25-34","Jan",6.56245172062506,-2.35225789746806,15.5207492252016,304.497759837003,-109.144766442518,720.162764049353
"965","Men","25-34","Feb",5.00574090126026,-4.12894154855083,14.0249260606873,232.266377818476,-191.582887852759,650.756569215893
"1015","Men","25-34","Mar",9.07131581566356,0.0409953112760597,18.0700620395831,420.909053846789,1.90218244320917,838.450878636656
"1036","Men","25-34","Apr",13.4879372796656,2.58951234400893,24.3521667305994,625.840289776486,120.153372762014,1129.94053629981
"1081","Men","25-34","May",19.1304071766454,8.31463337579727,30.1220232745436,887.650892996346,385.798988636993,1397.66187993882
"1122","Men","25-34","Jun",19.7821003569212,6.13836158472479,33.1458042783055,917.889456561142,284.81997753123,1537.96531851337
"1150","Men","25-34","Jul",30.9162473534907,16.7220119901859,46.1171804985854,1434.51387720197,775.901356344628,2139.83717513436
"1187","Men","25-34","Aug",21.5499240816928,7.43599710310493,35.9987723563717,999.916477390544,345.030265584069,1670.34303733565
"1219","Men","25-34","Sep",12.2389324932245,-1.54877924798683,25.9264742526429,567.886467685615,-71.863357106589,1202.98840532263
"883","Men","25-34","Oct",1.83025786546008,-9.58640333855295,12.6408186865798,84.9239649573478,-444.809114908857,586.533987057304
"912","Men","25-34","Nov",14.8013194582312,4.04938006138736,26.1179709633392,686.781222861927,187.891234848374,1211.87385269894
"952","Men","25-34","Dec",4.06495326458633,-4.73407983072707,12.7305612349036,188.613831476806,-219.661304145736,590.698041299528
"1257","Men","35-44","Jan",4.13416270581097,-7.99843543811088,16.3788325118826,150.483522491519,-291.143049947236,596.189503432526
"1373","Men","35-44","Feb",-2.6076226956445,-14.9216710339053,9.55838548377872,-94.91746612146,-543.148825634154,347.925231609545
"1423","Men","35-44","Mar",2.33761941895309,-8.88865441046458,13.5341918397787,85.0893468498924,-323.547020540911,492.644582967946
"1444","Men","35-44","Apr",10.2158469993333,-3.91374841215728,24.6206065793377,371.856830775733,-142.460442202525,896.190079487894
"1489","Men","35-44","May",0.943048645770558,-13.8190644660094,15.264289230957,34.3269707060483,-503.013946562743,555.620128006834
"1530","Men","35-44","Jun",14.4264028015754,-3.32954341155208,31.8205731615072,525.121061977346,-121.195380180496,1158.26886307886
"1558","Men","35-44","Jul",43.4338349083277,24.7299587907928,63.4945935714684,1580.99159066313,900.170499984857,2311.20320600145
"1595","Men","35-44","Aug",26.1979182305166,7.70244982769609,44.9409413985746,953.604223590804,280.369173728138,1635.85026690812
"1627","Men","35-44","Sep",12.3455449083344,-4.84485229577987,29.4377854359676,449.377834663372,-176.352623566387,1071.53538986922
"1291","Men","35-44","Oct",-0.602936521711294,-15.4499031874162,13.7361904341526,-21.9468893902911,-562.376476021951,499.997331803156
"1320","Men","35-44","Nov",14.234639621115,0.515878959329801,28.4077535681365,518.140882208584,18.7779941196047,1034.04222988017
"1360","Men","35-44","Dec",-2.56181679298959,-13.6664017370638,8.40761744015789,-93.2501312648209,-497.457023229124,306.037274821747
"1665","Men","45-54","Jan",-30.885431057437,-53.251688451986,-8.58767106339314,-815.375379916338,-1405.84457513243,-226.714516073579
"1781","Men","45-54","Feb",-22.3520281431718,-44.2084606327794,-0.612584646431136,-590.093542979735,-1167.10336070538,-16.172234665782
"1831","Men","45-54","Mar",3.43486838033074,-16.8709397127231,23.7732176196767,90.6805252407316,-445.392808415889,627.612945159464
"1852","Men","45-54","Apr",6.01439742884826,-19.1312281383231,30.9256001629013,158.780092121594,-505.06442285173,816.435844300594
"1897","Men","45-54","May",32.7743732021935,7.87871924769811,57.5649703852075,865.243452537908,207.99818813923,1519.71521816948
"1938","Men","45-54","Jun",71.8958393609874,42.0397755852712,102.164828615056,1898.05015913007,1109.85007545116,2697.15147543747
"1966","Men","45-54","Jul",93.3327112206843,61.8910044383051,125.664571739385,2463.98357622607,1633.92251717126,3317.54469391977
"2003","Men","45-54","Aug",61.8963738202252,29.3256546568768,94.9848503579311,1634.06426885394,774.197282941548,2507.60004944938
"2035","Men","45-54","Sep",13.2751532426205,-16.7270167307478,43.0983748993977,350.464045605181,-441.593241691743,1137.7970973441
"1699","Men","45-54","Oct",-25.5976671312129,-50.4062500454276,-1.21409724460068,-675.778412264019,-1330.72500119929,-32.0521672574581
"1728","Men","45-54","Nov",-14.8001074154792,-38.2016393555533,8.71673414549033,-390.72283576865,-1008.52327898661,230.121781440945
"1768","Men","45-54","Dec",-31.2961397938582,-50.5076209286426,-12.1521278423617,-826.218090557858,-1333.40119251617,-320.816175038349
"2481","Men","55-64","Jan",-64.491586014909,-95.2925197507012,-33.7591208178284,-1057.66201064451,-1562.7973239115,-553.649581412385
"2597","Men","55-64","Feb",-59.8573286982415,-89.8033394827812,-30.0736825733188,-981.660190651161,-1472.77476751761,-493.208394202429
"2647","Men","55-64","Mar",-12.6409645219929,-39.9155913191795,14.6398414867465,-207.311818160684,-654.615697634544,240.093400382643
"2668","Men","55-64","Apr",-0.170557758187859,-34.2093437951549,33.6858886099389,-2.79714723428089,-561.03323824054,552.448573202998
"2713","Men","55-64","May",43.252971055085,9.7440522185543,76.8619813480841,709.348725303394,159.802456384291,1260.53649410858
"2754","Men","55-64","Jun",45.781174126819,4.48351201908415,86.6951854382107,750.811255679831,73.52959711298,1421.80104118666
"2782","Men","55-64","Jul",100.456717722647,57.1564885488979,144.753489732153,1647.4901706514,937.366412201926,2373.95723160731
"2819","Men","55-64","Aug",39.369334673538,-5.42916759168564,84.0375941502294,645.657088646023,-89.0383485036446,1378.21654406376
"2851","Men","55-64","Sep",-1.50241081189886,-43.924278706745,40.7153006427153,-24.6395373151413,-720.358170790618,667.730930540531
"2515","Men","55-64","Oct",-32.0240691589805,-66.0544000380674,1.82467314557041,-525.19473420728,-1083.29216062431,29.9246395873548
"2544","Men","55-64","Nov",-36.1163736441512,-68.299938138183,-3.89348275207662,-592.308527764079,-1120.1189854662,-63.8531171340566
"2584","Men","55-64","Dec",-73.8808334240243,-101.19659504218,-46.6526460936861,-1211.645668154,-1659.62415869175,-765.103395936453
"2889","Men","65-74","Jan",-59.623249839685,-94.5421083155931,-24.7324130552132,-381.588798973984,-605.069493219797,-158.287443553365
"3005","Men","65-74","Feb",-73.7857975726699,-106.77852872468,-40.9328583295631,-472.229104465088,-683.382583837952,-261.970293309204
"3055","Men","65-74","Mar",-25.5510507758891,-56.0745321124089,4.96964017996462,-163.526724965691,-358.877005519418,31.8056971517736
"3076","Men","65-74","Apr",-45.6943404786168,-83.007008222501,-8.67758775696202,-292.443779063148,-531.244852624007,-55.536561644557
"3121","Men","65-74","May",28.4125635717503,-7.9655577134292,64.7577565228419,181.840406859202,-50.979569365947,414.449641746188
"3162","Men","65-74","Jun",82.2278793910468,39.303520104029,125.26644292788,526.2584281027,251.542528665786,801.705234738436
"3190","Men","65-74","Jul",111.170837969605,65.7212045474924,157.098361337964,711.493363005473,420.615709103952,1005.42951256297
"3227","Men","65-74","Aug",51.0032839384725,2.88980216570003,99.1863842166867,326.421017206224,18.4947338604802,634.792858986796
"3259","Men","65-74","Sep",-17.8458882587487,-63.3918930748809,27.4936036619154,-114.213684855992,-405.708115679238,175.959063436259
"2923","Men","65-74","Oct",-72.3802513452472,-109.659097216857,-35.3326599282895,-463.233608609582,-701.818222187888,-226.129023541053
"2952","Men","65-74","Nov",-68.7650328641865,-104.025818766634,-33.5458163743959,-440.096210330794,-665.76524010646,-214.693224796134
"2992","Men","65-74","Dec",-86.3270628116092,-116.386908593118,-56.3540747603331,-552.493201994299,-744.876214995956,-360.666078466132
"3297","Men","75-84","Jan",-103.242450630596,-147.93805813533,-58.5635465185081,0,0,0
"3413","Men","75-84","Feb",-128.537862737269,-169.462481011643,-87.7958989941283,0,0,0
"3463","Men","75-84","Mar",-82.8614998360789,-120.70828003445,-45.0821248237135,0,0,0
"3484","Men","75-84","Apr",-62.915422720821,-107.30934282752,-18.7533642405741,0,0,0
"3529","Men","75-84","May",11.42680512714,-31.3200028362689,54.1297662464024,0,0,0
"3570","Men","75-84","Jun",64.5214822374798,14.0961151217547,115.004181356802,0,0,0
"3598","Men","75-84","Jul",101.537029242931,49.0235515096189,154.653201086029,0,0,0
"3635","Men","75-84","Aug",26.5793425482079,-30.4229461204795,83.7353196083485,0,0,0
"3667","Men","75-84","Sep",-75.1658500888816,-129.102823490484,-21.8543437511715,0,0,0
"3331","Men","75-84","Oct",-95.0156214440195,-138.493584468264,-51.6758970136602,0,0,0
"3360","Men","75-84","Nov",-104.402372612929,-145.199756542445,-63.6732044742518,0,0,0
"3400","Men","75-84","Dec",-128.975740818587,-164.860289358372,-93.205724981324,0,0,0
"3705","Men","85+","Jan",-111.474192445307,-171.741004562871,-51.1730274246837,0,0,0
"3821","Men","85+","Feb",-123.360329468594,-178.11014949665,-68.7201390493385,0,0,0
"3871","Men","85+","Mar",-138.890606811524,-188.01971451331,-90.0840963114116,0,0,0
"3892","Men","85+","Apr",-12.0634422529938,-69.2342657924885,45.5558193592808,0,0,0
"3937","Men","85+","May",-45.5845063809264,-100.686403323556,8.9442803914998,0,0,0
"3978","Men","85+","Jun",56.1923777038121,-7.04497040702455,119.785370228914,0,0,0
"4006","Men","85+","Jul",106.305335476317,41.7377479668096,171.752682499495,0,0,0
"4043","Men","85+","Aug",59.6599214701126,-9.9860748399345,129.801803771846,0,0,0
"4075","Men","85+","Sep",-10.1562021755658,-76.6095431991199,56.8628190603405,0,0,0
"3739","Men","85+","Oct",-164.613282698907,-221.594410175191,-108.587988347949,0,0,0
"3768","Men","85+","Nov",-83.4040263299813,-135.781263177706,-30.765382719129,0,0,0
"3808","Men","85+","Dec",-136.000684391465,-181.747531939753,-90.4393740299356,0,0,0
"4113","Women","0-4","Jan",-1.72320226369542,-5.6578909678957,2.1972246633891,-131.308012493591,-431.131291753652,167.428519350249
"4229","Women","0-4","Feb",-4.4546464504086,-9.10968022743479,-0.00874857924907832,-339.444059521136,-694.157633330531,-0.666641738779768
"4279","Women","0-4","Mar",0.0763631082479472,-3.81304373504876,4.03783396127828,5.81886884849358,-290.553932610716,307.682947849405
"4300","Women","0-4","Apr",-0.222665289362997,-4.94704188142422,4.44298892008715,-16.9670950494604,-376.964591364526,338.555755710641
"4345","Women","0-4","May",1.30493426858277,-3.6676830440012,6.29314718407358,99.4359912660073,-279.477447952892,479.537815426407
"4386","Women","0-4","Jun",3.35240427105499,-2.27666377978678,9.23390005626585,255.45320545439,-173.481780019753,703.623184287458
"4414","Women","0-4","Jul",3.72728282191354,-2.1411138825502,10.0169960665489,284.018951029812,-163.152877850326,763.295100271027
"4451","Women","0-4","Aug",-2.09357030620531,-8.65788915612693,4.01534099678213,-159.530057332844,-659.731153696872,305.968983954798
"4483","Women","0-4","Sep",-1.15181988769705,-6.96637754890688,4.56595720578851,-87.7686754425155,-530.837969226704,347.925939081085
"4147","Women","0-4","Oct",-1.47287545657004,-6.63907300604907,3.5629623551153,-112.233109790637,-505.897363060939,271.497731459786
"4176","Women","0-4","Nov",1.31793624279593,-2.99952541601003,5.80191482993011,100.42674170105,-228.563836699964,442.105910040674
"4216","Women","0-4","Dec",0.00471298892701411,-3.67988445093878,3.71343204313023,0.359129756238475,-280.407195161535,282.963521686524
"6153","Women","5-14","Jan",-0.27937122304466,-1.97458059621536,1.38789548553868,-19.8912310807798,-140.590138450533,98.818158570354
"6269","Women","5-14","Feb",-0.65297970449846,-2.45150668226874,1.0810166600059,-46.4921549602904,-174.547275777534,76.9683861924204
"6319","Women","5-14","Mar",-1.06429004666223,-2.90405587495954,0.608753230942232,-75.7774513223509,-206.768778297119,43.3432300430869
"6340","Women","5-14","Apr",0.284604724868,-1.31013377507676,1.86939465065631,20.2638564106016,-93.2815247854656,133.100899126729
"6385","Women","5-14","May",1.87204237424892,0.0372410726585102,3.96468928401029,133.289417046523,2.65156437328592,282.285877021533
"6426","Women","5-14","Jun",1.69310898148122,-0.230918092342902,3.75715089843347,120.549359481463,-16.4413681748146,267.509143968463
"6454","Women","5-14","Jul",2.26724655106982,0.140125515943736,4.71575046047364,161.427954436171,9.97693673519397,335.761432785723
"6491","Women","5-14","Aug",1.09237642902213,-0.885841741938772,3.08900101214964,77.7772017463759,-63.0719320260406,219.936872065055
"6523","Women","5-14","Sep",0.574021183848315,-1.45533580704903,2.50943635976528,40.87030829,-103.619909461891,178.671868815288
"6187","Women","5-14","Oct",0.386375304750415,-1.19649433265906,1.91752422660449,27.5099216982296,-85.1903964853248,136.52772493424
"6216","Women","5-14","Nov",0.7561709278314,-0.653785618352837,2.29019625440927,53.8393700615957,-46.549536026722,163.06197331394
"6256","Women","5-14","Dec",0.0871088063061265,-1.18306534147201,1.34779213605,6.20214700899621,-84.2342523128068,95.96280008676
"4521","Women","15-24","Jan",1.62099954991344,-1.69822407605033,4.95715285718365,99.2051724547026,-103.93131345428,303.377754859639
"4637","Women","15-24","Feb",1.3758331830025,-2.09566905124249,4.8181754732262,84.200990799753,-128.25494593604,294.872338961444
"4687","Women","15-24","Mar",1.21508580257098,-2.34915521210899,4.66771669234327,74.363251117344,-143.76829898107,285.664261571408
"4708","Women","15-24","Apr",3.37472585438065,-0.493029833253378,7.25751403139975,206.533222288096,-30.1734257951067,444.159858721665
"4753","Women","15-24","May",6.185910188541,2.23560608136886,10.4974902496721,378.577703538709,136.819092179774,642.446403279934
"4794","Women","15-24","Jun",4.4583641257976,-0.0449336744713841,9.01082091464191,272.851884498813,-2.74994087764871,551.462239976085
"4822","Women","15-24","Jul",5.14417403069536,0.295550044377323,10.4508898544402,314.823450678556,18.0876627158922,639.594459091741
"4859","Women","15-24","Aug",0.820060372827351,-3.97832711445757,5.41488948979139,50.1876948170339,-243.473619404803,331.391236775233
"4891","Women","15-24","Sep",-1.52596750740044,-6.3559112549937,2.83843003378506,-93.3892114529071,-388.981768805614,173.711918067646
"4555","Women","15-24","Oct",-0.82576500295307,-4.90050433955277,3.05602430905062,-50.5368181807279,-299.91086558063,187.028687713898
"4584","Women","15-24","Nov",1.45024770571032,-2.22297632475182,5.22930853847701,88.7551595894713,-136.046151074812,320.033682554793
"4624","Women","15-24","Dec",1.64922456165241,-1.42836462863478,4.7519356541064,100.932543173127,-87.4159152724487,290.818462031312
"4929","Women","25-34","Jan",-0.92863092556638,-6.08884610344421,4.23128492667034,-47.5459033889987,-311.748920496344,216.641788245521
"5045","Women","25-34","Feb",-1.77293299926934,-7.15680396851548,3.5005111402337,-90.7741695625904,-366.428363187993,179.226170379965
"5095","Women","25-34","Mar",0.682288176425069,-4.61877653891385,6.07553433813422,34.9331546329636,-236.481358792389,311.067358112472
"5116","Women","25-34","Apr",-1.56528883697178,-7.54093581668973,4.17628050134417,-80.142788452955,-386.095913814514,213.825561668822
"5161","Women","25-34","May",0.996547016412314,-4.66964587619954,6.68826677292206,51.0232072403105,-239.085868861416,342.43925877361
"5202","Women","25-34","Jun",3.31203149356388,-3.54582219893128,10.4401895491551,169.576012470471,-181.546096585282,534.537704916742
"5230","Women","25-34","Jul",3.45400132499592,-3.52714496628342,10.7018302339768,176.844867839791,-180.589822273711,547.933707979611
"5267","Women","25-34","Aug",1.60251611088716,-5.67751184486638,8.89943538974667,82.0488248774226,-290.688606457158,455.651091955029
"5299","Women","25-34","Sep",1.16045319471062,-5.32746535850399,7.74576408406692,59.4152035691835,-272.766226355404,396.583121104226
"4963","Women","25-34","Oct",-0.497284077212612,-6.34718443429833,5.29640889685049,-25.4609447532857,-324.975843036074,271.176135518745
"4992","Women","25-34","Nov",-1.08834562245984,-6.66707041276999,4.42420205639008,-55.7232958699437,-341.354005133824,226.519145287172
"5032","Women","25-34","Dec",-0.679659575187799,-5.34978098061916,3.99546707286081,-34.7985702496153,-273.908786207701,204.567914130474
"5337","Women","35-44","Jan",-2.58334967790343,-10.936089945299,5.67336210541716,-106.434006729621,-450.566905746318,233.742518743187
"5453","Women","35-44","Feb",2.46440778073874,-5.87022593455444,10.8550911824746,101.533600566436,-241.853308503643,447.229756717952
"5503","Women","35-44","Mar",4.30315226968779,-3.34282539019445,11.9909754398864,177.289873511137,-137.724406076012,494.028188123319
"5524","Women","35-44","Apr",3.49795522081035,-5.48602919890333,12.4224054447763,144.115755097386,-226.024402994817,511.803104324783
"5569","Women","35-44","May",3.30317729503625,-6.00887401839753,12.38094880615,136.090904555493,-247.565609557978,510.095090813382
"5610","Women","35-44","Jun",10.1320449775693,-0.434231608691745,20.7753593935055,417.440253075856,-17.8903422780999,855.944807012426
"5638","Women","35-44","Jul",19.6187579567476,8.21782971191682,31.992497271386,808.292827818,338.574584130973,1318.0908875811
"5675","Women","35-44","Aug",14.09079091365,2.65741593056055,26.1753014170754,580.540585642378,109.485536339095,1078.42241838351
"5707","Women","35-44","Sep",1.18489289045101,-10.4315356082908,12.2130522709651,48.8175870865817,-429.779267061583,503.177753563763
"5371","Women","35-44","Oct",-0.391355578747715,-9.80137043304175,8.84799284417476,-16.1238498444058,-403.81646184132,364.53730518
"5400","Women","35-44","Nov",0.661214236210014,-8.16020671081753,9.58664730322511,27.2420265318526,-336.200516485682,394.969868892875
"5440","Women","35-44","Dec",-3.4748937198936,-10.8918097863219,3.86866809749609,-143.165621259616,-448.742563196463,159.389125616839
"5745","Women","45-54","Jan",2.06829926899272,-13.9470069671387,18.2723040343143,64.5309371925729,-435.146617374727,570.095885870607
"5861","Women","45-54","Feb",-14.5691451458461,-30.6499753507968,1.33738471059527,-454.557328550398,-956.279230944859,41.7264029705723
"5911","Women","45-54","Mar",-10.2980862653847,-24.8118846748198,4.21767759671142,-321.300291480004,-774.130801854376,131.591541017396
"5932","Women","45-54","Apr",-15.4616492734168,-33.6680431671112,2.24394069982685,-482.403457330605,-1050.44294681387,70.0109498345976
"5977","Women","45-54","May",12.5039004574147,-5.2782882876342,30.597160531727,390.121694271339,-164.682594574187,954.631408589881
"6018","Women","45-54","Jun",12.209421040255,-8.63269843853431,32.8621762450474,380.933936455956,-269.340191282271,1025.29989884548
"6046","Women","45-54","Jul",27.6015067305776,6.43456400600494,49.5486414130438,861.16700999402,200.758396987354,1545.91761208697
"6083","Women","45-54","Aug",16.4385508851392,-5.72885321840839,39.0753048158378,512.882787616344,-178.740220414342,1219.14951025414
"6115","Women","45-54","Sep",-4.0998839870291,-25.3592150352464,16.8782442118655,-127.916380395308,-791.207509099687,526.601219410205
"5779","Women","45-54","Oct",-15.793468910705,-33.5396045365513,1.66527734531596,-492.756230013996,-1046.4356615404,51.956653173858
"5808","Women","45-54","Nov",-11.7161657879145,-27.9687856546114,4.50828108986251,-365.544372582933,-872.626112423877,140.65837000371
"5848","Women","45-54","Dec",-10.5950672392423,-24.5848464355529,3.33799613671644,-330.566097864359,-767.047208789252,104.145479465553
"6561","Women","55-64","Jan",-20.732561626699,-44.2540804046375,2.80788676768225,-439.530306486018,-938.186504578316,59.5271994748637
"6677","Women","55-64","Feb",-17.4663981146745,-40.6303977184525,5.67305532935621,-370.2876400311,-861.364431631193,120.268772982352
"6727","Women","55-64","Mar",-14.8752972120558,-36.2211077368294,6.47376962427469,-315.356300895584,-767.887484020784,137.243916034624
"6748","Women","55-64","Apr",-25.4630140184529,-51.0647766818123,-0.228371055223964,-539.815897191201,-1082.57326565442,-4.84146637074803
"6793","Women","55-64","May",1.9614682550181,-22.7036452924111,26.6596418342456,41.5831270063837,-481.317280199116,565.184406886006
"6834","Women","55-64","Jun",16.3274873247928,-13.018862221889,45.6209300202487,346.142731285607,-275.999879104046,967.163716429273
"6862","Women","55-64","Jul",40.8760953968534,9.7847325699381,72.7362553876273,866.573222413291,207.436330482688,1542.0086142177
"6899","Women","55-64","Aug",19.8974785347386,-12.5646156853396,52.3534407470074,421.826544936459,-266.3698525292,1109.89294383656
"6931","Women","55-64","Sep",7.17561080540166,-23.5616453687969,37.9994075854258,152.122949074515,-499.506881818494,805.587440811026
"6595","Women","55-64","Oct",-13.2167364484694,-38.733751230814,12.1314021753944,-280.194812707552,-821.155526093257,257.185726118361
"6624","Women","55-64","Nov",-17.2234298651425,-41.6136849643917,7.24421850058361,-365.136713141021,-882.210121245105,153.577432212372
"6664","Women","55-64","Dec",-43.9985220809094,-64.9139436017854,-23.2544996113402,-932.76866811528,-1376.17560435785,-492.995391760413
"6969","Women","65-74","Jan",-40.0936165502021,-71.1252949585538,-9.14599620987272,-449.048505362264,-796.603303535802,-102.435157550575
"7085","Women","65-74","Feb",-36.6774884170346,-65.6626240865089,-7.75696384654925,-410.787870270788,-735.4213897689,-86.8779950813516
"7135","Women","65-74","Mar",-20.7034185264196,-47.4768294004264,6.07031890055419,-231.878287495899,-531.740489284775,67.9875716862069
"7156","Women","65-74","Apr",-47.1119331622638,-78.741414202825,-15.7224253115558,-527.653651417354,-881.90383907164,-176.091163489425
"7201","Women","65-74","May",-3.93796092685145,-35.0325844311321,27.0608673917165,-44.1051623807363,-392.36494562868,303.081714787225
"7242","Women","65-74","Jun",45.1670481791146,7.97330545438018,82.1958181217631,505.870939606084,89.3010210890581,920.593162963747
"7270","Women","65-74","Jul",129.555586592468,89.1445101184024,170.823801663011,1451.02256983565,998.418513326107,1913.22657862573
"7307","Women","65-74","Aug",54.9380503984764,12.9183533152879,96.8649133382012,615.306164462936,144.685557131225,1084.88702938785
"7339","Women","65-74","Sep",2.33583079637916,-37.9111587428195,42.5319222401852,26.1613049194466,-424.604977919579,476.357529090075
"7003","Women","65-74","Oct",-60.0033021752494,-92.5279484148738,-27.7755790848166,-672.036984362794,-1036.31302224659,-311.086485749946
"7032","Women","65-74","Nov",-33.1466325038308,-63.1066764191312,-3.19674962385267,-371.242284042906,-706.794775894269,-35.8035957871499
"7072","Women","65-74","Dec",-33.8418485839645,-59.4701415355873,-8.24993814133301,-379.028704140403,-666.065585198578,-92.3993071829297
"7377","Women","75-84","Jan",-66.6535301618854,-112.969707699767,-20.3527909612996,-79.9842361942626,-135.563649239721,-24.4233491535595
"7493","Women","75-84","Feb",-117.364866402972,-159.977610756902,-74.9680818499496,-140.837839683567,-191.973132908283,-89.9616982199398
"7543","Women","75-84","Mar",-32.2911958641232,-71.1561501934075,6.55931598306698,-38.749435036948,-85.3873802320892,7.8711791796804
"7564","Women","75-84","Apr",-30.3968313120644,-76.0327408668991,15.0792181464187,-36.4761975744774,-91.2392890402791,18.0950617757024
"7609","Women","75-84","May",7.39050928290426,-36.3651793908934,51.0478630992625,8.86861113948513,-43.6382152690722,61.2574357191152
"7650","Women","75-84","Jun",38.9643738777063,-12.4444685218109,89.9575751492464,46.7572486532477,-14.9333622261731,107.949090179096
"7678","Women","75-84","Jul",169.715338843274,115.004194419854,225.32273462799,203.65840661193,138.005033303825,270.387281553589
"7715","Women","75-84","Aug",70.0727959273921,12.447684783117,127.801932462591,84.0873551128707,14.9372217397405,153.36231895511
"7747","Women","75-84","Sep",-44.2855330762236,-98.897815497447,9.92928423668208,-53.1426396914684,-118.677378596937,11.9151410840185
"7411","Women","75-84","Oct",-104.737870093089,-148.820965736236,-60.9377752000561,-125.685444111708,-178.585158883484,-73.1253302400675
"7440","Women","75-84","Nov",-73.8651176547437,-115.360307285478,-32.3861299634289,-88.6381411856927,-138.432368742574,-38.8633559561147
"7480","Women","75-84","Dec",-96.1028956259889,-132.006309433845,-60.3055697546006,-115.323474751187,-158.407571320615,-72.3666837055209
"7785","Women","85+","Jan",-210.627670006098,-302.532733271006,-118.86446916978,0,0,0
"7901","Women","85+","Feb",-204.510286573887,-284.875419392676,-124.381035938001,0,0,0
"7951","Women","85+","Mar",-125.128718595071,-198.414462400818,-51.9702604724124,0,0,0
"7972","Women","85+","Apr",-62.5496947867801,-144.966654360381,19.7654201974244,0,0,0
"8017","Women","85+","May",-51.7243497058688,-130.068675859379,26.2362157437011,0,0,0
"8058","Women","85+","Jun",100.877591884588,9.74695807804398,191.649658638555,0,0,0
"8086","Women","85+","Jul",333.539542666905,238.585459802217,429.524402660197,0,0,0
"8123","Women","85+","Aug",262.145557537553,157.788527986822,367.929591776803,0,0,0
"8155","Women","85+","Sep",-110.769943277472,-208.221200148652,-14.3949987902279,0,0,0
"7819","Women","85+","Oct",-241.465321858089,-321.437619530552,-161.909889694058,0,0,0
"7848","Women","85+","Nov",-229.553257259335,-304.655888364479,-154.622273743179,0,0,0
"7888","Women","85+","Dec",-214.128183437375,-280.637744606393,-147.762715547711,0,0,0
